{
  "features": [
    "tracker_density",
    "ad_network_count",
    "data_broker_count",
    "analytics_count",
    "social_pixel_count"
  ],
  "data_min_": [
    0.0333,
    0.0,
    0.0,
    0.0,
    0.0
  ],
  "data_max_": [
    1.0,
    153.0,
    8.0,
    24.0,
    10.0
  ],
  "scale_": [
    1.0344470880314471,
    0.006535947712418301,
    0.125,
    0.041666666666666664,
    0.1
  ],
  "min_": [
    -0.03444708803144719,
    0.0,
    0.0,
    0.0,
    0.0
  ]
}